{
    "num_partitions": 1,
    "random_state": 42,
    "num_trials": 10,
    "fit_time": 38.33386492729187,
    "score": 0.8397940102264426
}