{
    "num_partitions": 1,
    "random_state": 42,
    "num_trials": 10,
    "fit_time": 26.349809169769287,
    "score": 0.8536401266130996
}