{
    "num_partitions": 1,
    "random_state": 42,
    "num_trials": 10,
    "fit_time": 51.415693521499634,
    "score": 0.8828870588235294
}